nama,komentar
sapto,K = Lumayan P = Bagus T = Keren S = Sesuai G = Ada Sayang Cepat Panas Touchpadnya Berisik Bonusnya Tas 😀😀😄😄 Smoga Awet Buat Tempur Kerja
Fadllyh,"Layar full HD. Kenceng buat gaming 👍. Desainnya keren. tapi sayangnya laptop cepet panas, baru di pakai 30 menitan udah panas banget"
eddy,"sesuai harapan dan pengiriman tepat waktu, kekurangan packingan nya hanya buble 1 layer tanpa pakai pelindung lain nya"
Joko,Packingan nya tidak safety banget.. hanya 1 lapisan dibagian luar saja. Untung saja laptop nya aman2 saja
Mihma,Desainnya keren. Layar full HD. Gampang dibawa-bawa.
Rega,"saya kecewa dengan packing nya, yg tidak sesuai SOP dari kurir yg cuma pake satu lapis buble warp. untuk laptop Alhamdulillah sesuai dengan spek yg ditawarkan"