nama,komentar
ALI,Black peel nya macam di tempel balik hmmmm. Produk minta yg garansi blm aktif tp dikirim yg sudah aktif. Untung produk ok
B***n,Bagus aja
Nurdin,"Barangnya oke, asli apple MacBook, dicek garansi sesuai tanggal beli, hanya saja pengiriman kurang komunikatif adminnya dan driver grab instannya ganti2 terus sampai beso... "
Ayu,"Sesuai deskripsi, terimakasih bonusnya"
J***n,"barang sangat bagus, cs juga responsif nanya apa dijawab, cm sebelum membeli saya nanya bonus hardcasenya ada ga, ktnya ada tp ketika sampai cm keyboard cover aja. overal... "
Shellshark,barang sesuai pesanan dan packing bagus
Ahmad,"pas pesen, tulisan di etalase nya available yang warna Gold, jadi pesan yang itu. tapi setelah check out, di chat kalo ternyata stock nya ngga ada. jadi diganti ke warna... "
A***a,"walaupun kardus nya penyok dari bawaan tokonya, lumayan lah :) barang oke aman."
E***a,"Barang bagus. Hanya, seller tidak memasang sign fragile di paket, sehingga kurir main lempar dan main ninggalin barang di gerbang tanpa ada konfirmasi, dikiranya batu bat... "
Cokorda,Baru kali ini beli laptop dan mahal secra online tp bener2 g diragukan toko ini Penjualnya sabaar bener sm pembeli yg awam ini
F***y,"ada sedikit penyok aja kardusnya, padahal udah packing kayu."
J***n,"Barang semua aman, tapi agak lama di pengiriman. Masih jabodetabek masa 3 hari:("
ravi,"Melayani pelanggan hingga malam, packing aman barang segel dan original, jadikan langganan belanja anda, recommended seller yg satu ini..."
Xiunqxiunq,"Barang sampai dengan selamat, tapi kardusnya bonyok. Mungkin seller bisa bantu ingatkan utk tambah packing kayu di deskripsi biar buyer ga lupa. Mac nya berfungsi normal... "
F***n,"Barang sampai lebih cepat dari estimasi, barang ori, dan sudah di cek semua dalam kondisi tersegel, cmn bingung dengan cara packing nya hehe, kardusnya tidak padat, ter... "
Jaka,