,nama,komentar,rating
0,B***s,"Toko yang menyulitkan pelanggan! pembayaran via CC dikenakan charge 3% yang sangat tidak masuk akal. Apabila beli di toko namun settlement di tokped, dipaksa memilih pe... ",1
1,W***i,"berat setelah ditimbang hanya 3,9 kg, dengan packing kardus. tapi di deskripsi dituliskan 12 kg. pengiriman ke riau. alhasil, kena biaya kirim 400rb an.",1
2,B***o,"admin kurang soal pengetahuan laptop, admin kurang responsif, barang baru sampai keyboard tidak berfungsi bahkan on screen keyboard gabisa, tolong berhati2 membeli barang",1
3,Y***B,"Pelayanan Tokonya baik tapi Laptop cepat Panas, saat Idle temperature bisa 73 C (nggak di pakai apa2, cuman browsing). pas di pegang di atas keyboardnya panas banget. Moh... ",1
