,nama,komentar,rating
0,A***n,"Packing aman, bagus. Pengiriman hampir 2 minggu, biasanya dengan JNE truk maksimal 1 minggu (sudah lebih dari estimasi di toped sendiri. Pilihan warna tidak disediakan, p... ",3
1,Dicky,"ada lecet bagian bawah melingkar, semoga laptopnya aman",3
2,M***d,"Barangnya bagus kualitas hardwarenya juga, tapi yang jadi masalah adalah OSnya windows 11, seandainya OS bawaannya adalah windows 10 ini bisa lebih baik lagi soalnya seri... ",3
3,K***n,"Pengiriman cepat dan paket aman. Tetapi pas buka, segel kotak telah terbuka. Takut juga kalau ada apa”.. Selebihnya bagus dan MS Office aktif. Semoga awet dan admin dapat... ",3
4,G***n,"segel sudah terbuka, ada satu huruf keyboard yang bunyi2 ketika ditekan. sudah terlanjur aktivasi office, terima kasih",3
5,Siti,Order biru nyampe silver. Yoweslah.,3
