nama,komentar
Listiyo,Laptopnya sekarang mati ..tidak bisa dinyalakan
Alessandra,"brang tidak bagus.. keyboard banyak tidak fungsi.. sdh ganti keyboard masih tidak bisa ..rusak mainboard.. tidak di rekomendasikan.. jangan belanja dsini.. kecewa berat.... "
salam,"Bintang satu artinya....""TAK SESUAI HARPAN""."
FERRY,tidak sesuai deskripsi
L***i,"teknisi tidak ramah, terkesan gak mau direpotkan, malah judgemental ke pembeli"
a***e,mohon dibantu teman teman. penjual toko ini baik banget spartpart kondisi normal yg dikirim. semoga berkah unit lapotnya yg saya beli
R***i,