,nama,komentar,rating,kelas
0,nur,batrai cpet abis,3,Biasa
1,Bismllahn,ok,3,Biasa
2,Listiyo,Laptopnya sekarang mati ..tidak bisa dinyalakan,1,Sangat-buruk
3,Alessandra,brang tidak bagus.. keyboard banyak tidak fungsi.. sdh ganti keyboard masih tidak bisa ..rusak mainboard.. tidak di rekomendasikan.. jangan belanja dsini.. kecewa berat.... ,1,Sangat-buruk
4,salam,"Bintang satu artinya....""TAK SESUAI HARPAN"".",1,Sangat-buruk
5,FERRY,tidak sesuai deskripsi,1,Sangat-buruk
6,L***i,"teknisi tidak ramah, terkesan gak mau direpotkan, malah judgemental ke pembeli",1,Sangat-buruk
7,a***e,mohon dibantu teman teman. penjual toko ini baik banget spartpart kondisi normal yg dikirim. semoga berkah unit lapotnya yg saya beli,1,Sangat-buruk
8,R***i,,1,Sangat-buruk
