nama,komentar
Taufik,baru dicoba ON belum dijelajahi....oh enteng bener ya dibawa ke kampus tidak menjadi beban
Cecep,product ori dan sesuai display
R***a,"puas banget sama pelayanan toko nya, barangnya juga bagus banget. cuman agak kecewa sama pihak ekspedisi, mudah mudahan kedepannya ga gitu lagi.."
fatma,"packing bagus, barang ori, dapat tas laptop jg cuma pengiriman sempat terhambat jd melebihi batas waktu. harus setting online pas pertama nyalain"
P***i,"lumayan cepet datengnya, pengemasan lumayan aman pakai bubble wrap nya lumayan tebel, btw thank you"
fictor,"Mmhh pengiriman aga lama mungkin karna lagi bersamaan sama libur paskah.. dus luarnya penyot2 takutnya barang rusak. Untungnya dus laptop di bungkus rapat aman dan baik..... "
R***a,"ok, barang mulus"
A***g,"Pengiriman cepat, packing laptopnya rapi rapet masih gress... Cuma kardus luarnya kebuka kurang rapet lakbannya."
Sahid,"alhamdulillah paket datang tepat waktu, maaf telat kasih ulasannya. produk original, karena dari official HP langsung. packing sebetulnya sudah bagus, tapi karena dibawa... "