,nama,komentar,rating
0,F***h,"barang sudah dicek sementara belum ada kendala kondisi laptop bagus, minus kurir lambat.",3
1,Ari,"Ada body laptopnya yang tidak terpasang dengan benar sehingga terlihat tidak enak, tetapi semua fungsi oke hanya sedikit kecewa dengan seller karena body laptopnya saja",3
2,Ivan,barangnya mulus,3
3,Edwardo,Salah satu rumah baut cover belakangnya slek* pas coba buat dikencengin tetep tidak bisa rapat. Jangan terlalu berharap sama barang second soal kondisi fisik. Fungsi aman... ,3
4,Baut,"Di deskripsi katanya dapat sticker keyboard gratis, ternyata ga dikasih, di chat ssd katanya 2245 (2242) pas dibuka ternyata ssd 2,5""",3
5,yusuf,Pengiriman,3
6,Irfan,sesuai deskripsi. bintang 3 krn pengiriman doang agak telat,3
