,nama,komentar,rating
0,i***n,"Barang tidak sesuai deskripsi, body ada retak dan kepala charher sompal",1
1,R***a,"barang datang, bagian layar ada yang terbuka. akhirnya barang diretur. setelah diretur barang tidak langsung dikirim balik sampai 2 hari, itu pun harus diingatkan di chat... ",1
2,L***o,kebanyakan trik.,1
3,Tuki,"gw pernah beli notebook ini, tepatnya beli rongsokan seharga 5 jt, keyboard macet +-17 digit, habis di sleep pasti layar error! garansi sebulan apanya!!!, ditanya ""g... ",1
