nama,komentar
mufdi,diproses cepat. barang sesuai deskripsi dan gambar. berfungsi dgn baik
T***e,"beli barangnya mahal. kurir nganterinnya taruh di luar tidak ngetok pintu dan serahkan ke tangan saya. Padahal saya ada di rumah. masih untung ya, tidak ada yang ngambil... "
Kiki,"admin nya gak ramah, ketus.. gak bagus admin nya"
Risky,"barang bagus, cuma ram tertulis 2666mhz bukan 3200mhz, selebihnya normal gaada kendala, semoga awet"
Ikhwan,"Ram 2666mhz, bukan 3200 Packing kurang stiker fragile Selain itu oke"
Robet,barangnya bagus
h***i,oke oke saja
j***k,tidak ada bonusnya