nama,komentar
R***a,"Tidak cocok untuk mahasiswa, itu aja"
D***i,cocok buat kebutuhan office. ada kendala minus belum dapat mouse tapi segera diproses buat pengirimannya. lebih rekomen pakai ms office online daripada install aplikasi.
rian,barang bagus peking nya aman
Arif,"Sempat dikirim barang yang bermasalah, akhirnya di retur dan dikirim yang baru, agak bikin males karna harus nunggu lama lagi, no bonus, Semoga Awet."
f***i,cukup bagus
Muhammad,Barang sudah di Terima kemarin. aman..
Ika,Ada kendala sedikit. Kurang dicek kelengkapan barang ketika dikirimkan. Mohon di upgrade pelayanan nya.
M***M,"oke.. pemakaian enteng cukup oke, tapi sayang cuma bisa buka 2 akun saja nggak bisa lebih butuh bibit tanaman cek ""Agro Bibit Sentosa"""
wedhy,kondisi layar tidak normal ada bagian putih² disetiap sudut
F***r,mantap gann👍🏻
Agus,"Paket sdh diterima dg baik, berjalan normal. Hanya bagian sudut2 layar ada cahaya putih spt pernah tertekan layarnya."
H***a,"Seller gercep & responsif. Packing plastik tanpa lapisan bubble wrap. 😔 Bundle normal = Bundle FS, tanpa ms office hanya beda harga 😩 160 GB = 32 GB E-mmc + 128 GB... "
B***g,pengiriman cepat & packing aman
A***i,"Begitu ada kendala, langsung direspon dengan baik oleh penjualnya"
Dwi,"alhamdullilah brng nya bgus sih,,tp pngiriman nya agak lama,,,tlng kdpn nya LBH baik lg dan respon nya jga LBH cpet."
Vivien,Diberi 4 bintang karena masih menunggu free mouse yang tidak dikirim bareng laptop.
Priyanto,kurang optimal..
S***r,"Performa nya lumayan untuk dipakai kerja ringan seperti mengetik, build quality agak kurang di touchpadnya yang kurang solid, overall sesuai harga untuk tokonya bintang... "
Efien,papan mouse kalau ditekan ada bunyi
Rangga,pengiriman cepat
aditia,lumayan
A***i,"kecewa sama pelayanan toko... Janji jumat bisa pickup baru sabtu diproses pickup.. Hasilnya saya harus ambil barang di gerai karena dibutuhkan hari itu jg. Lain kali Lai... "
Eric,"Seller cepat respon dan kirim Overall barang bagus.. Setelah dicek online katanya Battery tahan sampe 10 jam.. Tapi blm coba.. Cuman pas di tanyain tas nya katanya lagi... "
aditia,lumayan
A***i,"kecewa sama pelayanan toko... Janji jumat bisa pickup baru sabtu diproses pickup.. Hasilnya saya harus ambil barang di gerai karena dibutuhkan hari itu jg. Lain kali Lai... "
Eric,"Seller cepat respon dan kirim Overall barang bagus.. Setelah dicek online katanya Battery tahan sampe 10 jam.. Tapi blm coba.. Cuman pas di tanyain tas nya katanya lagi... "