,nama,komentar,rating
0,M***o,"dapat unit yg mulus secara fisik, tp sayang cuma baterainya yg g bisa bertahan lebih dari 1 jam, berasa kurang nyaman aja sih. sepertinya karena ini unit terakhir yg ada,... ",3
1,R***a,"keyboard nya udah di ganti, engga ori lagi",3
2,mursalinalink,ada sticker yg menutupi bagian cover atasnya mungkin karna ada goresan di sana. huruf di keyboard beberapa tidak kelihatan. tapi after all worth it lah di harga segitu.,3
3,C***a,"Cukup bagus, body mulus seperti baru. Hanya saja ada beberapa minus menurut saya, saat laptop sleep trus pas nyala lagi wifi ga bisa auto konek, musti di trouble solving... ",3
