nama,komentar
amirul,"admin tdk ramah, bintang 1,"
a***g,"Pesanan gagal dikirimkan, sudah komplain, selesai pusat resolusi tapi sampai saat ini belum ada refund, dr tgl pembelian sudah terhitung 15 hari.. parah sih pelayanan Tok... "
I,"Awalnya sempet ragu karena ada beberapa review yang bilang chargernya rusak. Tapi tetep coba beli dan pas sampe bener aja chargernya gabisa dipake, pas konsultasi malah l... "
Iman,casan rusak ga bisa dituker. harus nuker sendiri
kirana,"pelayanan sangat buruk laptop datang dlam keadaan layar bengkok/ tidak rapat ketika ditutup ngajuin komplain malah ngebantah dan tidak bertanggung jawab padahal jelas&#34... "
Muhammad,
M***d,
M***d,