,nama,komentar,rating
0,Listiyo,Laptopnya sekarang mati ..tidak bisa dinyalakan,1
1,Alessandra,brang tidak bagus.. keyboard banyak tidak fungsi.. sdh ganti keyboard masih tidak bisa ..rusak mainboard.. tidak di rekomendasikan.. jangan belanja dsini.. kecewa berat.... ,1
2,salam,"Bintang satu artinya....""TAK SESUAI HARPAN"".",1
3,FERRY,tidak sesuai deskripsi,1
4,L***i,"teknisi tidak ramah, terkesan gak mau direpotkan, malah judgemental ke pembeli",1
5,a***e,mohon dibantu teman teman. penjual toko ini baik banget spartpart kondisi normal yg dikirim. semoga berkah unit lapotnya yg saya beli,1
6,R***i,,1
