,nama,komentar,rating
0,Jay,"Bundling mousenya gak sesuai merk yg tertulis, selebihnya mantab",4
1,Asep,Barang OK tapi packing KURANG ok,4
2,robby,"Agak nyesal sih, karena waktu barang sudah sampai harga turun 200rb",4
3,S***l,baru sadar ternyata laptopnya lebar banget btw semuanya bagus dan gak ngeh juga ternyata gak disediain tas,4
4,Gunawan,"sedikit masukan,karena masuk musim hujan kalo bisa di lapisi pastik biar tidak basa kardusnya basah ,untungnya laptopnya kondisi baik,",4
5,yoga,Kualitas barang sesuai dengan pesanan namun estimasi pengirimannya tidak sesuai,4
6,ihza,"produk ok pengiriman aman, tapi di bagian yg di bilang layar sentuh sedikit misleading",4
7,J***k,Harga murah dan rekomendasi buat laptop low budget spek tinggi,4
8,I***k,"Mantap, cepet dan sangat menolong pelayanannya, sukses selalu gan 🙏👏👏",4
