nama,komentar
A***n,"Packing aman, bagus. Pengiriman hampir 2 minggu, biasanya dengan JNE truk maksimal 1 minggu (sudah lebih dari estimasi di toped sendiri. Pilihan warna tidak disediakan, p... "
Dicky,"ada lecet bagian bawah melingkar, semoga laptopnya aman"
M***d,"Barangnya bagus kualitas hardwarenya juga, tapi yang jadi masalah adalah OSnya windows 11, seandainya OS bawaannya adalah windows 10 ini bisa lebih baik lagi soalnya seri... "
K***n,"Pengiriman cepat dan paket aman. Tetapi pas buka, segel kotak telah terbuka. Takut juga kalau ada apa”.. Selebihnya bagus dan MS Office aktif. Semoga awet dan admin dapat... "
G***n,"segel sudah terbuka, ada satu huruf keyboard yang bunyi2 ketika ditekan. sudah terlanjur aktivasi office, terima kasih"
Siti,Order biru nyampe silver. Yoweslah.