,nama,komentar,rating
0,Ekobolang,bingung makainya,3
1,Lailatul,ga dapet free mouse :(,3
2,E***F,"admin yg bales chat kurang jujur, kurir blm pickup bilangnya udah. giliran ditanyain jam brp dipickup, gabisa kasi jawaban pasti. utk kondisi laptop untungnya ga knp2. ga... ",3
3,Rizki,"dikerjain waktu pengiriman gosend, awalnya bilang dikirim sebelum jam 12, tapi ga dikirim juga, saya minta buat kirim besok sekalian karena harus pergi lalu diiyakan, say... ",3
4,C***i,"barang pas sampe bergaris² kayanya ketumpuk paketnya krg bagus packingnya biasanya kl dr marketplace lain stlh dbuble wrap tebel masukin lg ke dus packing , alhasil dkomp... ",3
5,muhammad,kurang informatif,3
6,A***o,"secara fungsi kurang bagus, ternyata bukan fungsi laptop, hanya netbook, akibat minimnya informasi awal",3
7,Dionsius,sy kira os ny windows rupanya os android,3
8,Saeful,"semuanya oke kecuali mouse ngga sesuai deskripsi, ngga ada respon juga pas mau tuker",3
