,nama,komentar,rating
0,Roby,"Kalo beli barang mahal mending di toko offline dah, nyesel bgt saya beli di sini, bukan krn sellernya(sellernya responsif & fastres btw), tp karena lg apes dapet prod... ",1
1,K***D,"Belum 10 menit order mau ganti shipping aja ngga boleh. Katanya estimasinya sama dg ekspedisi biasa. Ini pake JNE TRUCKING, 8 hari baru sampai padahal normal 3-4 hari aja... ",1
2,B***m,"Sudah beli bubble wrap tambahan, tetapi tidak ditambahkan oleh admin saat pengiriman. Alasan menambah volume pengiriman Akibatnya unit pesok, yang infonya kesalaham kuri... ",1
3,F***y,"minta sameday tp pengiriman lama, shg sy ambil dg kurir sendiri sangat mengecewakan.",1
4,Ayiq,"Barang ternyata cacat, bekas tergencet. Saya tidak tau dimana salahnya, yg pasti barang kami terima cacat",1
5,M***d,"sebenarnya masih mau tabayun(ngomong) secara baik-baik ,tentang problem yg saya hadapi ,tapi ketika penjual tidak merespon sama sekali keluhan saya .jadi maaf saya harus... ",1
6,Benwilsonh,"Untuk barang oke2 aja, pelayanannya HAHAHA ****",1
7,M***r,"Barang awalnya bagus. Belum 1 bulan ada problem, tidak ada bantuan untuk claim ke apple.",1
